"Timestamp","Username","NO REALLY WHAT?"
"2017/09/23 12:34:01 AM GMT","sfandrews@cps.edu","""I EAT ASS"" t-shirt"
"2017/09/23 12:42:25 AM GMT","sfandrews@cps.edu","Really we should probably give him a few of these at once with a note and maybe delivered by someone in the tiger suit. I put the ass shirt, but that also seems a bit extreme, so maybe a few smaller things?"
"2017/09/23 2:10:48 AM GMT","mrmulcrone@cps.edu","Boku No Pico Blu-ray"
"2017/09/23 5:48:49 PM GMT","dlopez91@cps.edu","t-shirt with a picture of him in a MAGA hat"
"2017/09/27 3:39:33 PM GMT","ebrewer3@cps.edu","Shrek the Third Blu-ray"
"2017/12/27 12:00:23 AM GMT","mesimonson@cps.edu","t-shirt with a picture of him in a MAGA hat"